metric,mean,std
ho_rate,11.693,3.0818096956171708
hof_rate,0.3464,0.3000117331038904
pp_rate,4.2546,1.7100932255289476
capacity_avg,2.753935948333334,0.2477565860329908
rlf_rate,0.1976,0.2009831833761223
reliability_pct,90.93799333333334,2.124243524426205
prep_rate,807.2386,47.66812857706918
res_reservation_pct,6.406655555555555,0.3783184807703903
