metric,mean,std
ho_rate,11.361400000000001,3.0075355425996215
hof_rate,2.0556000000000005,1.0022118738071306
pp_rate,3.2212,1.3701206370243462
capacity_avg,3.234502202666666,0.26164754153012787
rlf_rate,0.19100000000000003,0.20522914023110847
reliability_pct,94.34908,1.471042849379688
prep_rate,810.0439200000001,48.85301736263175
res_reservation_pct,6.42892,0.387722360020887
