metric,mean,std
ho_rate,11.3424,3.0171447164496437
hof_rate,1.1514000000000002,0.6913740232319985
pp_rate,3.6252,1.5076355527779253
capacity_avg,3.753244607666667,0.2941923495761252
rlf_rate,0.065,0.11408330289748804
reliability_pct,95.24723999999999,1.2638330692162016
prep_rate,811.2328,49.74299091289143
res_reservation_pct,6.438355555555556,0.39478564216580503
reward,1055.4535637181593,88.59258345045303
