metric,mean,std
ho_rate,10.2132,3.263333534899551
hof_rate,1.733,0.9544584852155698
pp_rate,3.2173999999999996,1.4894754915741313
capacity_avg,3.3645467719999997,0.24911101710056227
rlf_rate,0.061799999999999994,0.10945665808894406
reliability_pct,95.48466333333333,1.2593100835995699
prep_rate,786.5392800000001,51.107773556295726
res_reservation_pct,6.2423752380952395,0.4056172504467914
total_steps,30000.0,0.0
total_minutes,5.0,0.0
reward,0.0,0.0
