metric,mean,std
ho_rate,11.377400000000002,3.035764336226563
hof_rate,2.106,1.0582456632955715
pp_rate,3.194,1.3736997674350284
capacity_avg,3.2357399339999993,0.26138747163581627
rlf_rate,0.1892,0.2014048756210334
reliability_pct,94.35836000000002,1.4715804026636552
prep_rate,861.8948800000001,51.3150090864568
res_reservation_pct,6.840435555555556,0.40726197687664123
reward,895.9549077746,79.68886996356478
total_steps,30000.0,0.0
total_minutes,5.0,0.0
