metric,mean,std
ho_rate,11.357,3.0114765481404633
hof_rate,2.0538000000000003,0.998611816473248
pp_rate,3.2192,1.3719881049047036
capacity_avg,3.2343783953333327,0.26174604658937195
rlf_rate,0.191,0.20425229496874692
reliability_pct,94.34843333333333,1.4722636580751727
prep_rate,812.4037999999999,49.754290733161895
res_reservation_pct,6.447649206349206,0.39487532327906266
total_steps,30000.0,0.0
total_minutes,5.0,0.0
reward,0.0,0.0
