metric,mean,std
ho_rate,11.693,3.0818096956171708
hof_rate,0.34640000000000004,0.30001173310389045
pp_rate,4.2546,1.7100932255289476
capacity_avg,2.753935948333334,0.24775658603299083
rlf_rate,0.19760000000000003,0.2009831833761223
reliability_pct,90.93799333333334,2.1242435244262055
prep_rate,807.2386,47.66812857706918
res_reservation_pct,6.406655555555555,0.3783184807703903
total_steps,30000.0,0.0
total_minutes,5.0,0.0
reward,0.0,0.0
