metric,mean,std
ho_rate,9.36,2.671029763967448
hof_rate,1.9600000000000002,0.8845337754998392
pp_rate,2.6399999999999997,1.3763720427268202
capacity_avg,3.2867827999999997,0.3296031178664626
rlf_rate,0.04,0.08
reliability_pct,95.055,1.5560693000848873
prep_rate,767.328,39.359228854234445
res_reservation_pct,6.089904761904762,0.3123748321764636
total_steps,30000.0,0.0
total_minutes,5.0,0.0
reward,0.0,0.0
