metric,mean,std
ho_rate,11.3572,3.0120438509424123
hof_rate,2.0542,0.9991508194461934
pp_rate,3.2192000000000003,1.3719881049047036
capacity_avg,3.234386219,0.26173312247467706
rlf_rate,0.191,0.20425229496874692
reliability_pct,94.34853666666666,1.4720865323259893
prep_rate,812.4048200000001,49.75609611261317
res_reservation_pct,6.447657301587302,0.39488965168740614
