metric,mean,std
ho_rate,9.4932,3.0335513445465203
hof_rate,0.39680000000000004,0.36495172283467847
pp_rate,3.7727999999999997,1.671089512862791
capacity_avg,4.025179477440308,0.23884364365496474
rlf_rate,0.058,0.10916043239196153
reliability_pct,98.1027,0.7676656238232892
prep_rate,689.67692,28.30050440740589
res_reservation_pct,5.473626349206349,0.22460717783655465
total_steps,30000.0,0.0
total_minutes,5.0,0.0
reward,0.0,0.0
