metric,mean,std
ho_rate,11.335600000000001,2.9837313283873264
hof_rate,2.0662,1.0029045617604897
pp_rate,3.1928,1.3684838910268546
capacity_avg,3.022408403333333,0.28605954476061485
rlf_rate,0.1946,0.20921481783086013
reliability_pct,90.84868,2.112024613661287
prep_rate,812.40374,49.916930274330774
res_reservation_pct,6.447648730158729,0.39616611328833945
