metric,mean,std
ho_rate,5.4464,2.364012604787799
hof_rate,0.4871999999999999,0.7930101039867178
pp_rate,1.4136,1.0321629718219891
capacity_avg,4.437876134507841,0.2366293321874818
rlf_rate,0.0081999999999999,0.0470635206393973
reliability_pct,99.66181000000002,0.1960129828197058
prep_rate,143.977,23.327123819830547
res_reservation_pct,13.930794126984129,1.6031525664886652
reward,13045.393012158343,701.8005060120647
total_steps,30000.0,0.0
total_minutes,5.0,0.0
