metric,mean,std
ho_rate,13.854600000000001,0.3661410657110187
hof_rate,2.23304,0.1433120650887427
pp_rate,1.8270400000000002,0.05560978331193171
capacity_avg,3.9092973085333336,0.007752450646317026
rlf_rate,0.14299999999999996,0.007971198153351887
reliability_pct,95.82283600000001,0.05619516534167822
prep_rate,1010.7726839999999,11.414854091466982
res_reservation_pct,8.022005428571427,0.09059408009100753
reward,1067.396054755958,2.0768070411940713
total_steps,30000.0,0.0
total_minutes,5.0,0.0
