metric,mean,std
reward,3.667117053897762,0.006124316697897222
capacity_avg,4.061782134133334,0.002348619987484225
reliability_pct,96.99974333333334,0.01566714665931278
ho_rate,5.631600000000001,0.18024063914666968
pp_rate,1.0649600000000001,0.06286154945592728
hof_rate,0.6668,0.04953075812058606
rlf_rate,0.047200000000000006,0.0028284271247461905
prep_rate,28.07384,0.6063969050052942
res_reservation_pct,8.848843396825396,0.08014961201037077
