metric,mean,std
ho_rate,11.357,3.0129834166601497
hof_rate,2.0538000000000003,0.9991114971732552
pp_rate,3.2192000000000003,1.372674613881817
capacity_avg,3.2343783953333327,0.26187701784930134
rlf_rate,0.191,0.20435449777472664
reliability_pct,94.34843333333333,1.4730003424635674
prep_rate,812.4038,49.77918655194934
res_reservation_pct,6.447649206349206,0.3950729091424551
