metric,mean,std
ho_rate,11.3424,3.0171447164496437
hof_rate,1.1514000000000002,0.6913740232319985
pp_rate,3.6252,1.5076355527779253
capacity_avg,3.7532448306666666,0.29419207304939404
rlf_rate,0.065,0.11408330289748804
reliability_pct,95.24723333333334,1.2638362371939036
prep_rate,27.322,7.089276126657785
res_reservation_pct,6.438355555555556,0.39478564216580503
