metric,mean,std
ho_rate,9.483799999999999,3.0205266330792613
hof_rate,0.39320000000000005,0.35349500522456995
pp_rate,3.6353999999999997,1.6024964383220435
capacity_avg,4.025360854666666,0.23870113413869362
rlf_rate,0.055799999999999995,0.10722806469324092
reliability_pct,98.12493333333333,0.7467837805575268
prep_rate,709.7356200000002,47.18747416564839
res_reservation_pct,5.632822380952381,0.3745037632194317
