metric,mean,std
ho_rate,11.175,2.956212812737641
hof_rate,0.5108,0.3986505766737109
pp_rate,3.9204,1.6078834314492856
capacity_avg,3.8990535656666663,0.2564164487140061
rlf_rate,0.137,0.1690549602335867
reliability_pct,97.82030333333334,0.760711787568701
prep_rate,733.16946,45.02815508611094
res_reservation_pct,5.818805238095238,0.3573663102072297
