metric,mean,std
ho_rate,9.480599999999999,3.0283187339436966
hof_rate,0.3934,0.35389501505627585
pp_rate,3.6294,1.6106923883752509
capacity_avg,4.0253820656666655,0.23878474232478364
rlf_rate,0.0562,0.10776443371155985
reliability_pct,98.12577999999999,0.7457798612349663
prep_rate,709.72672,47.10805855501182
res_reservation_pct,5.6327517460317456,0.37387348059533193
