metric,mean,std
ho_rate,11.693,3.083351757107524
hof_rate,0.34640000000000004,0.3001618515686781
pp_rate,4.2546,1.710948913961544
capacity_avg,2.7539358099999998,0.24788153152973366
rlf_rate,0.19760000000000003,0.20108375039936638
reliability_pct,90.93799,2.1253069871643695
prep_rate,807.23932,47.69138936282898
res_reservation_pct,6.406661269841269,0.37850309018118233
