metric,mean,std
ho_rate,11.3352,2.984142433944142
hof_rate,2.0658000000000003,1.002794074551678
pp_rate,3.193,1.369681359669842
capacity_avg,3.0224115499999997,0.28619758591042815
rlf_rate,0.1946,0.20931950376076913
reliability_pct,90.84877,2.112925069793454
prep_rate,812.4056599999999,49.94539605360389
res_reservation_pct,6.447663968253968,0.39639203217145946
