metric,mean,std
ho_rate,14.73948,0.33157733939459777
hof_rate,1.4324,0.13412643289076165
pp_rate,2.00528,0.09769888433344572
capacity_avg,3.9507876288666672,0.006393115157424788
rlf_rate,0.10715999999999996,0.006182879588023706
reliability_pct,96.104318,0.06546259897410232
prep_rate,1038.771936,8.39231721741263
res_reservation_pct,8.244221714285715,0.06660569220168701
reward,1081.5264107557823,1.7430462787121526
total_steps,30000.0,0.0
total_minutes,5.0,0.0
