metric,mean,std
ho_rate,15.4732,0.5261086769860389
hof_rate,1.17628,0.0769301761339462
pp_rate,1.94556,0.07726026145438541
capacity_avg,3.9735236643999996,0.008925877163904236
rlf_rate,0.09347999999999997,0.007166030979559092
reliability_pct,96.24820466666668,0.018160368418932083
prep_rate,39.16384,1.3696838131481288
res_reservation_pct,8.287629492063493,0.13167000556294456
reward,1086.31049590467,1.156253486825101
total_steps,30000.0,0.0
total_minutes,5.0,0.0
