metric,mean,std
ho_rate,18.618,4.488083885764081
hof_rate,1.737,0.7882373411830634
pp_rate,2.223133333333333,0.9384446751718194
capacity_avg,3.5355762573333327,0.26181854608223687
rlf_rate,0.20560000000000003,0.2174651014686853
reliability_pct,95.52129222222223,1.1186756245625913
prep_rate,1078.2044066666667,102.32442698935996
res_reservation_pct,8.55717783068783,0.8120986268996822
reward,940.4050569139332,77.92452449862179
total_steps,30000.0,0.0
total_minutes,5.0,0.0
