metric,mean,std
reward,3.640944823476219,0.007686348051559002
capacity_avg,4.044380729333333,0.0042072327739616855
reliability_pct,96.93912266666666,0.04135343142553896
ho_rate,4.59152,0.1686187462887804
pp_rate,0.6557999999999999,0.05591464924328863
hof_rate,0.39876000000000006,0.021375275436821866
rlf_rate,0.04456,0.002159259132202526
prep_rate,24.70452,0.5184956794419786
res_reservation_pct,8.821362857142859,0.08641153363670323
